prompt,answer,topic,family,difficulty,iso2
ğŸ‡¬ğŸ‡§,United Kingdom,World Flags,Geography,starter,GB
ğŸ‡«ğŸ‡·,France,World Flags,Geography,starter,FR
ğŸ‡©ğŸ‡ª,Germany,World Flags,Geography,starter,DE
ğŸ‡®ğŸ‡¹,Italy,World Flags,Geography,starter,IT
ğŸ‡ªğŸ‡¸,Spain,World Flags,Geography,starter,ES
ğŸ‡µğŸ‡¹,Portugal,World Flags,Geography,starter,PT
ğŸ‡³ğŸ‡±,Netherlands,World Flags,Geography,starter,NL
ğŸ‡§ğŸ‡ª,Belgium,World Flags,Geography,starter,BE
ğŸ‡¨ğŸ‡­,Switzerland,World Flags,Geography,starter,CH
ğŸ‡¦ğŸ‡¹,Austria,World Flags,Geography,starter,AT
ğŸ‡¸ğŸ‡ª,Sweden,World Flags,Geography,starter,SE
ğŸ‡³ğŸ‡´,Norway,World Flags,Geography,starter,NO
ğŸ‡©ğŸ‡°,Denmark,World Flags,Geography,starter,DK
ğŸ‡«ğŸ‡®,Finland,World Flags,Geography,starter,FI
ğŸ‡®ğŸ‡ª,Ireland,World Flags,Geography,starter,IE
ğŸ‡µğŸ‡±,Poland,World Flags,Geography,starter,PL
ğŸ‡¨ğŸ‡¿,Czechia,World Flags,Geography,starter,CZ
ğŸ‡­ğŸ‡º,Hungary,World Flags,Geography,starter,HU
ğŸ‡¬ğŸ‡·,Greece,World Flags,Geography,starter,GR
ğŸ‡¹ğŸ‡·,Turkey,World Flags,Geography,starter,TR
ğŸ‡ºğŸ‡¸,United States,World Flags,Geography,starter,US
ğŸ‡¨ğŸ‡¦,Canada,World Flags,Geography,starter,CA
ğŸ‡²ğŸ‡½,Mexico,World Flags,Geography,starter,MX
ğŸ‡§ğŸ‡·,Brazil,World Flags,Geography,starter,BR
ğŸ‡¦ğŸ‡·,Argentina,World Flags,Geography,starter,AR
ğŸ‡¨ğŸ‡±,Chile,World Flags,Geography,starter,CL
ğŸ‡¨ğŸ‡´,Colombia,World Flags,Geography,starter,CO
ğŸ‡µğŸ‡ª,Peru,World Flags,Geography,starter,PE
ğŸ‡»ğŸ‡ª,Venezuela,World Flags,Geography,starter,VE
ğŸ‡ºğŸ‡¾,Uruguay,World Flags,Geography,starter,UY
ğŸ‡¯ğŸ‡µ,Japan,World Flags,Geography,starter,JP
ğŸ‡°ğŸ‡·,South Korea,World Flags,Geography,starter,KR
ğŸ‡¨ğŸ‡³,China,World Flags,Geography,starter,CN
ğŸ‡®ğŸ‡³,India,World Flags,Geography,starter,IN
ğŸ‡µğŸ‡°,Pakistan,World Flags,Geography,starter,PK
ğŸ‡®ğŸ‡©,Indonesia,World Flags,Geography,starter,ID
ğŸ‡²ğŸ‡¾,Malaysia,World Flags,Geography,starter,MY
ğŸ‡µğŸ‡­,Philippines,World Flags,Geography,starter,PH
ğŸ‡¹ğŸ‡­,Thailand,World Flags,Geography,starter,TH
ğŸ‡»ğŸ‡³,Vietnam,World Flags,Geography,starter,VN
ğŸ‡¦ğŸ‡º,Australia,World Flags,Geography,starter,AU
ğŸ‡³ğŸ‡¿,New Zealand,World Flags,Geography,starter,NZ
ğŸ‡ªğŸ‡¬,Egypt,World Flags,Geography,starter,EG
ğŸ‡¿ğŸ‡¦,South Africa,World Flags,Geography,starter,ZA
ğŸ‡³ğŸ‡¬,Nigeria,World Flags,Geography,starter,NG
ğŸ‡°ğŸ‡ª,Kenya,World Flags,Geography,starter,KE
ğŸ‡ªğŸ‡¹,Ethiopia,World Flags,Geography,starter,ET
ğŸ‡²ğŸ‡¦,Morocco,World Flags,Geography,starter,MA
ğŸ‡©ğŸ‡¿,Algeria,World Flags,Geography,starter,DZ
ğŸ‡¹ğŸ‡³,Tunisia,World Flags,Geography,starter,TN
